Comment,Toxicity,Profanity,Threat
I going to kidnap your entire family,0.90451443,0.43900812,0.8535384
I going to kidnap your entire family fuck,0.9817629,0.90862066,0.85759705
I'm going to stab you,0.8696708,0.33453682,0.85759705
I'm going to stab you shitty,0.9563754,0.7809412,0.85759705
You are shitty,0.9061063,0.8255558,0.009048914
You are so stupid,0.91625386,0.5381406,0.008764107
